<edmx:Edmx xmlns:edmx="http://docs.oasis-open.org/odata/ns/edmx" Version="4.0">
    <edmx:Reference Uri="https://sap.github.io/odata-vocabularies/vocabularies/Common.xml">
        <edmx:Include Namespace="com.sap.vocabularies.Common.v1" Alias="Common"/>
    </edmx:Reference>
    <edmx:Reference Uri="https://sap.github.io/odata-vocabularies/vocabularies/UI.xml">
        <edmx:Include Namespace="com.sap.vocabularies.UI.v1" Alias="UI"/>
    </edmx:Reference>
    <edmx:Reference Uri="https://sap.github.io/odata-vocabularies/vocabularies/Communication.xml">
        <edmx:Include Namespace="com.sap.vocabularies.Communication.v1" Alias="Communication"/>
    </edmx:Reference>
    <edmx:Reference Uri="/sap/opu/odata/sap/SEPMRA_PROD_MAN/$metadata">
        <edmx:Include Namespace="SEPMRA_PROD_MAN" Alias="SAP"/>
    </edmx:Reference>
    <edmx:DataServices>
        <Schema xmlns="http://docs.oasis-open.org/odata/ns/edm" Namespace="local">

            <Annotations Target="SAP.SEPMRA_C_PD_ProductType">
                <Annotation Term="UI.Facets" >
                    <Collection>
                        <Record Type="UI.ReferenceFacet">
                            <PropertyValue Property="Target" AnnotationPath="@UI.FieldGroup#Dreamland"/>
                            <PropertyValue Property="Label" String="More info"/>
                        </Record>
                        <Record Type="UI.ReferenceFacet">
                            <PropertyValue Property="Target" AnnotationPath="to_ProductSalesData/@UI.LineItem#Wonderland"/>
                            <PropertyValue Property="Label" String="Sales related to product"/>
                        </Record>        
                        <Record Type="UI.ReferenceFacet">
                            <PropertyValue Property="Target" AnnotationPath="to_ProductSalesData/@UI.Chart#RevenueByCountry"/>
                            <PropertyValue Property="Label" String="Insights"/>
                        </Record>                                                
                    </Collection>
                </Annotation>
               <Annotation Term="UI.FieldGroup" Qualifier="Dreamland">
                   <Record Type="UI.FieldGroupType">
                       <PropertyValue Property="Data">
                           <Collection>
                               <Record Type="UI.DataField">
                                   <PropertyValue Property="Value" Path="Name"/>
                                   <PropertyValue Property="Label" String="Name"/>
                               </Record>
                               <Record Type="UI.DataField">
                                   <PropertyValue Property="Value" Path="Description"/>
                                   <PropertyValue Property="Label" String="Description"/>
                               </Record>
                               <Record Type="UI.DataField">
                                   <PropertyValue Property="Value" Path="Price"/>
                                   <PropertyValue Property="Label" String="Price"/>
                               </Record>
                               <Record Type="UI.DataField">
                                   <PropertyValue Property="Value" Path="Currency"/>
                                   <PropertyValue Property="Label" String="Currency"/>
                               </Record>
                               <Record Type="UI.DataField">
                                   <PropertyValue Property="Value" Path="DimensionUnit"/>
                                   <PropertyValue Property="Label" String="DimensionUnit"/>
                               </Record>
                               <Record Type="UI.DataField">
                                   <PropertyValue Property="Value" Path="Product"/>
                                   <PropertyValue Property="Label" String="Id"/>
                               </Record>                                                                                                                                                           
                           </Collection>
                       </PropertyValue>
                   </Record>
               </Annotation> 
            </Annotations>
            <Annotations Target="SAP.SEPMRA_C_PD_ProductSalesDataType">
                <Annotation Term="UI.LineItem" Qualifier="Wonderland" >
                    <Collection>
                        <Record Type="UI.DataField">
                            <PropertyValue Property="Value" Path="SalesOrder"/>
                        </Record>
                        <Record Type="UI.DataField">
                            <PropertyValue Property="Value" Path="SoldToParty"/>
                        </Record>
                        <Record Type="UI.DataField">
                            <PropertyValue Property="Value" Path="NetAmount"/>
                        </Record>
                        <Record Type="UI.DataField">
                            <PropertyValue Property="Value" Path="SoldToPartyCountry"/>
                        </Record>                                                                        
                    </Collection>
                </Annotation>
            </Annotations>
        </Schema>
    </edmx:DataServices>
</edmx:Edmx>