{
    "welcomeFile": "purchaseorderapp/index.html",
    "authenticationMethod": "none",
    "sessionTimeout": 10,
    "pluginMetadataEndpoint": "/metadata",
    "routes": [				
      {
        "source": "^/purchaseorderapp/webapp/(.*)",
        "target": "$1",
        "localDir": "/purchaseorderapp/webapp",
        "csrfProtection": false
      },
      {
        "source": "^/(.*)$",
        "destination": "srv-api"
      }
    
    ],
    "logout": {
       "logoutEndpoint": "/my/logout",
       "logoutPage": "https://github.com/Octavius-Dante/Tetra_Proxima"
    },
    "errorPage": [
      {"status": [400,401,402], "file": "/custom-err-4xx.html"},
      {"status": 501, "file": "/custom-err-501.html"}
    ] 
  }