ID,nameFirst,nameMiddle,nameLast,nameInitials,sex,language,phoneNumber,email,loginName,currency_code,salaryAmount,accountNumber,bankId,bankName
02BD2137-0890-1EEA-A6C2-BB55C19787FB,Sally,,Spring,,F,E,+1 224 374 524,sally.spring@itelo.info,SPRINGS,USD,55549,111222333,510000655,My Bank of Antioch
02BD2137-0890-1EEA-A6C2-BB55C197A7FB,Susan,,Summer,,F,E,,susan.summer@itelo.info,SUMMERS,USD,76239,9988776655,121000358,My Bank of San Francisco
02BD2137-0890-1EEA-A6C2-BB55C197C7FB,Franco,Richard,Fall,,M,E,,franco.fall@itelo.info,FALLF,USD,85962,8877665544,121000358,My Bank of San Francisco
02BD2137-0890-1EEA-A6C2-BB55C197E7FB,Walter,,Winter,,M,E,,walter.winter@itelo.info,WINTERW,USD,68597,7766554433,121000358,My Bank of San Francisco
02BD2137-0890-1EEA-A6C2-BB55C19807FB,Maria,,Hicks,,F,E,,maria.hicks@itelo.info,HICKSM,USD,49876,1122334455,26005885,My Bank of New York
02BD2137-0890-1EEA-A6C2-BB55C19827FB,John,Paul,Dash,,M,E,,john.dash@itelo.info,DASHJ,USD,72691,5544332211,121000358,My Bank of San Francisco
02BD2137-0890-1EEA-A6C2-BB55C19847FB,Viola,Sarah,Gains,,F,E,+1 224 374 522,viola.gains@itelo.info,GAINSV,USD,110962,222333444,510000655,My Bank of Antioch
02BD2137-0890-1EEA-A6C2-BB55C19867FB,Randy,,Gordon,,M,E,,randy.gordon@itelo.info,GORDONR,USD,81463,2233445566,26005885,My Bank of New York
02BD2137-0890-1EEA-A6C2-BB55C19887FB,Paul,,Burke,,M,E,+1 224 374 523,paul.burke@itelo.info,BURKEP,USD,100491,333444555,510000655,My Bank of Antioch
02BD2137-0890-1EEA-A6C2-BB55C198A7FB,Michael,,Miller,,M,E,,michael.miller@itelo.info,MILLERM,USD,86574,76543210,66665555,My Bank of London
02BD2137-0890-1EEA-A6C2-BB55C198C7FB,John,,Nicols,,M,E,,john.nicols@itelo.info,NICOLSJ,USD,61579,87654321,66665555,My Bank of London
02BD2137-0890-1EEA-A6C2-BB55C198E7FB,John,,Smith,,M,E,,john.smith@itelo.info,SMITHJO,USD,60350,98765432,66665555,My Bank of London
02BD2137-0890-1EEA-A6C2-BB55C19907FB,Joanne,,Rush,,F,E,,joanne.rush@itelo.info,RUSHJ,USD,70000,345678901,99999888,Deutsches Geldinstitut
02BD2137-0890-1EEA-A6C2-BB55C19927FB,Sue,,Bay,,F,E,+1 224 374 525,sue.bay@itelo.info,BAYSU,USD,98631,99887766,121000358,My Bank of San Francisco
02BD2137-0890-1EEA-A6C2-BB55C19947FB,James,Clark,Field,,M,E,+1 224 374 526,james.field@itelo.info,FIELDJ,USD,76395,32109876,66665555,My Bank of London
02BD2137-0890-1EEA-A6C2-BB55C19967FB,Hermann,,Hecker,,M,E,,hermann.hecker@itelo.info,HECKERH,USD,39874,123456789,99999888,Deutsches Geldinstitut
02BD2137-0890-1EEA-A6C2-BB55C19987FB,Rudolf,,Platte,,M,E,,rudolf.platte@itelo.info,PLATTER,USD,45983,234567890,99999888,Deutsches Geldinstitut
02BD2137-0890-1EEA-A6C2-BB55C199A7FB,Al,,Wallace,,M,E,,al.wallace@itelo.info,WALLACEA,USD,55426,1100998877,121000358,My Bank of San Francisco
02BD2137-0890-1EEA-A6C2-BB55C199C7FB,Jonathan,,East,,M,E,,jonathan.east@itelo.info,EASTJ,USD,55427,6655443322,121000358,My Bank of San Francisco
02BD2137-0890-1EEA-A6C2-BB55C199E7FB,James,,Smith,,M,E,,james.smith@itelo.info,SMITHJ,USD,38761,456789012,99999888,Deutsches Geldinstitut
02BD2137-0890-1EEA-A6C2-BB55C19A07FB,Megan,,Wang,,F,E,,megan.wang@itelo.info,WANGM,USD,57985,54321098,66665555,My Bank of London
02BD2137-0890-1EEA-A6C2-BB55C19A27FB,Anna,Marie,Lerch,,F,E,,anna.lerch@itelo.info,LERCHA,USD,58768,5566778899,26005885,My Bank of New York
02BD2137-0890-1EEA-A6C2-BB55C19A47FB,Clark,,Kent,,M,E,,clark.kent@itelo.info,KENTC,USD,57000,3344556677,26005885,My Bank of New York
02BD2137-0890-1EEA-A6C2-BB55C19A67FB,Catherine,,Jones,,F,E,,catherine.jones@itelo.info,JONESC,USD,59000,4455667788,26005885,My Bank of New York
02BD2137-0890-1EEA-A6C2-BB55C19A87FB,Peter,,Douglas,,M,E,,peter.douglas@itelo.info,DOUGLASP,USD,1500000,666777888,510000655,My Bank of Antioch
02BD2137-0890-1EEA-A6C2-BB55C19AA7FB,Frank,James,Brown,,M,E,,frank.brown@itelo.info,BROWNF,USD,53021,6677889900,26005885,My Bank of New York
02BD2137-0890-1EEA-A6C2-BB55C19AC7FB,Barbara,,Ingalls,,F,E,,barbara.ingalls@itelo.info,INGALLSB,USD,63443,4433221100,121000358,My Bank of San Francisco
02BD2137-0890-1EEA-A6C2-BB55C19AE7FB,Peter,Thomas,Fuchs,,M,E,,peter.fuchs@itelo.info,FUCHSP,USD,71344,65432109,66665555,My Bank of London
02BD2137-0890-1EEA-A6C2-BB55C19B07FB,Mary,,Watson,,F,E,,mary.watson@itelo.info,WATSONM,USD,64222,43210987,66665555,My Bank of London
02BD2137-0890-1EEA-A6C2-BB55C19B27FB,Karl,,Kessler,,M,E,,karl.kessler@itelo.info,KESSLERK,USD,97455,7788990011,26005885,My Bank of New York
02BD2137-0890-1EEA-A6C2-BB55C19B47FB,Nora,,Dwyer,,F,E,,nora.dwyer@itelo.info,DWYERN,USD,50000,0013M02606,10100,tablissement financier de Paris
02BD2137-0890-1EEA-A6C2-BB55C19B67FB,Drew,,Smith,,M,E,,smith.Drew@itelo.info,SMITHD,EUR,67234,567890123,99999888,Deutsches Geldinstitut
02BD2137-0890-1EEA-A6C2-BB55C19B87FB,Richard,Andrew,Fisher,,M,E,,fisher.richard@itelo.info,FISHERRI,EUR,67234,567890123,99999888,Deutsches Geldinstitut