ID,title,stock,category1,category2,publishedAt
1,Whispers of Inspiration,338,R,B2,5/28/2021
2,Mystic Moonlight,708,H,R2,11/5/2023
3,Whispers of Bliss,3918,S,H2,10/3/2022
4,Enchanted Garden,1519,A,C1,5/16/2022
5,Whispers of Adventure,295,U,M1,3/15/2023
6,Whispers of Inspiration,1806,P,O1,1/22/2023
7,Whispers of Wisdom,3400,V,C2,2/27/2022
8,Whispers of Dreams,1993,A,W1,6/23/2023
9,Whispers of Serenity,3880,H,C1,5/22/2021
10,Whispers of Happiness,3536,Y,X1,5/7/2022
11,Mystic Moonlight,4170,X,X1,10/3/2023
12,Whispers of Tranquility,2290,H,Q1,2/2/2024
13,Whispers of Magic,517,Y,Y1,11/26/2023
14,Whispers of Adventure,2071,I,F2,2/21/2023
15,Whispers of Inspiration,4130,W,A2,1/6/2024
16,Whispers of Happiness,4107,U,Q1,2/12/2024
17,Whispers of Sunshine,3186,T,Z1,2/12/2023
18,Whispers of Happiness,1920,H,V1,11/24/2023
19,Mystic Moonlight,2328,F,A1,7/23/2022
20,Whispers of Miracles,1998,V,C1,5/19/2023
21,The Great Adventure,2816,S,A2,2/20/2022
22,Whispers of Miracles,144,W,S1,6/17/2021
23,Whispers of Miracles,1935,U,W2,3/8/2023
24,Whispers of Radiance,2823,S,L2,2/22/2024
25,Whispers of Harmony,4818,L,F1,4/13/2024
26,Secrets of the Sea,2941,G,Y1,1/27/2022
27,Shadows of the Night,1973,Z,L1,12/14/2021
28,Whispers of Wonder,2833,T,B1,8/17/2021
29,Dancing with Shadows,4705,B,N2,12/1/2021
30,Whispers of Hope,3234,I,N1,11/21/2022
31,Whispers of Laughter,1098,Y,D2,3/30/2024
32,Whispers of Radiance,3499,W,G1,2/10/2023
33,Whispers of Peace,3211,O,R1,6/18/2023
34,Whispers of Radiance,493,D,U1,10/28/2022
35,Whispers of Love,4801,K,A2,4/14/2023
36,Sunset Serenade,2647,Y,V2,5/19/2021
37,Whispers of Hope,103,Y,X2,8/8/2021
38,Whispers of Laughter,2904,E,K2,11/22/2023
39,Whispers of Joy,1257,X,F2,5/3/2021
40,Whispers of Serenity,1118,G,B1,8/11/2021
41,Whispers of Tranquility,3849,L,M2,2/21/2022
42,Whispers of Inspiration,2022,O,M1,4/4/2024
43,Whispers of Radiance,643,T,J2,7/2/2023
44,Echoes of Eternity,4748,Q,B2,11/1/2021
45,Whispers of Adventure,2843,U,O1,8/11/2021
46,Whispers of Wonder,322,U,V2,5/9/2024
47,Whispers of Bliss,4917,S,F2,10/7/2021
48,Whispers of Peace,672,N,P1,3/9/2024
49,Dreams of Tomorrow,4732,A,D2,6/29/2022
50,Enchanted Garden,2560,M,T1,10/18/2022
51,Echoes of Eternity,4346,O,N1,10/4/2023
52,Whispers of Miracles,4127,U,S2,12/13/2022
53,Whispers of Happiness,3755,J,X2,3/31/2023
54,Whispers of Dreams,1756,K,P1,12/31/2021
55,Whispers of Joy,313,H,S2,7/11/2022
56,Whispers of Peace,769,H,W2,10/25/2021
57,Whispers of Inspiration,378,R,V2,5/6/2022
58,Whispers of Miracles,2956,S,S1,2/23/2023
59,Secrets of the Sea,4532,G,B1,6/23/2021
60,Whispers of Wisdom,1212,C,J2,7/3/2023
61,Whispers of Happiness,1486,O,L2,1/29/2024
62,Whispers of Love,1565,R,D1,5/5/2022
63,Whispers of Inspiration,557,V,Q2,8/29/2022
64,Whispers of Sunshine,1185,L,Z1,5/6/2023
65,Whispers of Wisdom,2634,J,X2,11/20/2023
66,Whispers of Peace,527,N,S1,6/23/2023
67,Whispers of Love,605,H,K2,1/21/2023
68,Whispers of Freedom,4195,R,I1,10/31/2021
69,Whispers of Sunshine,3535,N,K2,4/16/2023
70,Whispers of Courage,676,P,I1,6/1/2022
71,Whispers of Laughter,1307,D,Z2,9/23/2021
72,Enchanted Garden,4530,H,F2,5/28/2024
73,Dancing with Shadows,3273,T,I2,8/27/2022
74,Whispers of Love,3804,O,B1,8/19/2021
75,Whispers of Harmony,272,X,M1,11/4/2023
76,Whispers of Tranquility,2275,G,D2,10/5/2021
77,Whispers of Magic,1735,B,B1,5/12/2023
78,Whispers of Freedom,4640,Q,P1,10/20/2023
79,Whispers of Sunshine,4119,V,D2,1/22/2022
80,Whispers of Freedom,4424,Y,D2,3/3/2022
81,Whispers of Wonder,2271,U,S1,4/12/2024