{
  "xsappname": "capi",
  "tenant-mode": "dedicated",
  "scopes": [
    {
      "name": "$XSAPPNAME.Viewer",
      "description": "Read Permissions."
    }
  ],
  "role-templates": [
    {
      "name": "Viewer",
      "description": "View Data",
      "attribute-references": [],
      "scope-references": ["$XSAPPNAME.Viewer"]
    }
  ],
  "oauth2-configuration": {
    "token-validity": 60900,
    "refresh-token-validity": 2592000,
    "redirect-uris": [
      "https://*.cfapps.us10-001.hana.ondemand.com/login/callback"
    ]
  }
}