{
    "xsappname": "btps4salesext",
    "tenant-mode": "dedicated",
    "scopes": [
        {
            "name": "$XSAPPNAME.Viewer",
            "description": "Viewer"
        }
    ],
    "role-templates": [
        {
            "name": "Viewer",
            "description": "Viewer",
            "scope-references": [
                "$XSAPPNAME.Viewer"
            ]
        }
    ],
	"oauth2-configuration": {
		"token-validity": 60000,
		"refresh-token-validity": 2592000,
		"redirect-uris": [
			"https://*.cfapps.us10-001.hana.ondemand.com/login/callback"
		]
	}
}