<?xml version="1.0" encoding="utf-8"?>
<edmx:Edmx Version="4.0" xmlns:edmx="http://docs.oasis-open.org/odata/ns/edmx">
    <edmx:Reference Uri="https://oasis-tcs.github.io/odata-vocabularies/vocabularies/Org.OData.Aggregation.V1.xml">
        <edmx:Include Alias="Aggregation" Namespace="Org.OData.Aggregation.V1"/>
    </edmx:Reference>
    <edmx:Reference Uri="https://sap.github.io/odata-vocabularies/vocabularies/Analytics.xml">
        <edmx:Include Alias="Analytics" Namespace="com.sap.vocabularies.Analytics.v1"/>
    </edmx:Reference>
    <edmx:Reference Uri="https://oasis-tcs.github.io/odata-vocabularies/vocabularies/Org.OData.Capabilities.V1.xml">
        <edmx:Include Alias="Capabilities" Namespace="Org.OData.Capabilities.V1"/>
    </edmx:Reference>
    <edmx:Reference Uri="https://sap.github.io/odata-vocabularies/vocabularies/Common.xml">
        <edmx:Include Alias="Common" Namespace="com.sap.vocabularies.Common.v1"/>
    </edmx:Reference>
    <edmx:Reference Uri="https://sap.github.io/odata-vocabularies/vocabularies/UI.xml">
        <edmx:Include Alias="UI" Namespace="com.sap.vocabularies.UI.v1"/>
    </edmx:Reference>
    <edmx:DataServices>
        <Schema Namespace="CatalogService" xmlns="http://docs.oasis-open.org/odata/ns/edm">
            <EntityContainer Name="EntityContainer">
                <EntitySet Name="Books" EntityType="CatalogService.Books"/>
                <EntitySet Name="BooksAnalytics" EntityType="CatalogService.BooksAnalytics"/>
            </EntityContainer>
            <EntityType Name="Books">
                <Key>
                    <PropertyRef Name="ID"/>
                </Key>
                <Property Name="ID" Type="Edm.Int32" Nullable="false"/>
                <Property Name="title" Type="Edm.String"/>
                <Property Name="stock" Type="Edm.Int32"/>
                <Property Name="category1" Type="Edm.String"/>
                <Property Name="category2" Type="Edm.String"/>
                <Property Name="publishedAt" Type="Edm.Date"/>
            </EntityType>
            <EntityType Name="BooksAnalytics">
                <Key>
                    <PropertyRef Name="ID"/>
                </Key>
                <Property Name="ID" Type="Edm.Int32" Nullable="false"/>
                <Property Name="title" Type="Edm.String"/>
                <Property Name="stock" Type="Edm.Int32"/>
                <Property Name="category1" Type="Edm.String"/>
                <Property Name="category2" Type="Edm.String"/>
                <Property Name="publishedAt" Type="Edm.Date"/>
            </EntityType>
            <Annotations Target="CatalogService.EntityContainer/Books">
                <Annotation Term="Capabilities.DeleteRestrictions">
                    <Record Type="Capabilities.DeleteRestrictionsType">
                        <PropertyValue Property="Deletable" Bool="false"/>
                    </Record>
                </Annotation>
                <Annotation Term="Capabilities.InsertRestrictions">
                    <Record Type="Capabilities.InsertRestrictionsType">
                        <PropertyValue Property="Insertable" Bool="false"/>
                    </Record>
                </Annotation>
                <Annotation Term="Capabilities.UpdateRestrictions">
                    <Record Type="Capabilities.UpdateRestrictionsType">
                        <PropertyValue Property="Updatable" Bool="false"/>
                    </Record>
                </Annotation>
            </Annotations>
            <Annotations Target="CatalogService.Books/ID">
                <Annotation Term="Common.Label" String="ID"/>
            </Annotations>
            <Annotations Target="CatalogService.Books/title">
                <Annotation Term="Common.Label" String="Title"/>
            </Annotations>
            <Annotations Target="CatalogService.Books/stock">
                <Annotation Term="Common.Label" String="Stock"/>
            </Annotations>
            <Annotations Target="CatalogService.Books/category1">
                <Annotation Term="Common.Label" String="Category1"/>
            </Annotations>
            <Annotations Target="CatalogService.Books/category2">
                <Annotation Term="Common.Label" String="Category2"/>
            </Annotations>
            <Annotations Target="CatalogService.Books/publishedAt">
                <Annotation Term="Common.Label" String="Published At"/>
            </Annotations>
            <Annotations Target="CatalogService.BooksAnalytics">
                <Annotation Term="Aggregation.ApplySupported">
                    <Record Type="Aggregation.ApplySupportedType">
                        <PropertyValue Property="Transformations">
                            <Collection>
                                <String>aggregate</String>
                                <String>topcount</String>
                                <String>bottomcount</String>
                                <String>identity</String>
                                <String>concat</String>
                                <String>groupby</String>
                                <String>filter</String>
                                <String>expand</String>
                                <String>search</String>
                            </Collection>
                        </PropertyValue>
                        <PropertyValue Property="GroupableProperties">
                            <Collection>
                                <PropertyPath>ID</PropertyPath>
                                <PropertyPath>category1</PropertyPath>
                                <PropertyPath>category2</PropertyPath>
                                <PropertyPath>title</PropertyPath>
                                <PropertyPath>publishedAt</PropertyPath>
                            </Collection>
                        </PropertyValue>
                        <PropertyValue Property="AggregatableProperties">
                            <Collection>
                                <Record Type="Aggregation.AggregatablePropertyType">
                                    <PropertyValue Property="Property" PropertyPath="stock"/>
                                </Record>
                            </Collection>
                        </PropertyValue>
                    </Record>
                </Annotation>
                <Annotation Term="Analytics.AggregatedProperty" Qualifier="totalStock">
                    <Record Type="Analytics.AggregatedPropertyType">
                        <PropertyValue Property="AggregatableProperty" PropertyPath="stock"/>
                        <PropertyValue Property="AggregationMethod" String="sum"/>
                        <PropertyValue Property="Name" String="totalStock"/>
                        <Annotation Term="Common.Label" String="Total stock"/>
                    </Record>
                </Annotation>
                <Annotation Term="UI.Chart">
                    <Record Type="UI.ChartDefinitionType">
                        <PropertyValue Property="Title" String="Stock"/>
                        <PropertyValue Property="ChartType" EnumMember="UI.ChartType/Column"/>
                        <PropertyValue Property="Dimensions">
                            <Collection>
                                <PropertyPath>category1</PropertyPath>
                            </Collection>
                        </PropertyValue>
                        <PropertyValue Property="DimensionAttributes">
                            <Collection>
                                <Record Type="UI.ChartDimensionAttributeType">
                                    <PropertyValue Property="Dimension" PropertyPath="category1"/>
                                    <PropertyValue Property="Role" EnumMember="UI.ChartDimensionRoleType/Category"/>
                                </Record>
                            </Collection>
                        </PropertyValue>
                        <PropertyValue Property="DynamicMeasures">
                            <Collection>
                                <AnnotationPath>@Analytics.AggregatedProperty#totalStock</AnnotationPath>
                            </Collection>
                        </PropertyValue>
                        <PropertyValue Property="MeasureAttributes">
                            <Collection>
                                <Record Type="UI.ChartMeasureAttributeType">
                                    <PropertyValue Property="DynamicMeasure" AnnotationPath="@Analytics.AggregatedProperty#totalStock"/>
                                    <PropertyValue Property="Role" EnumMember="UI.ChartMeasureRoleType/Axis1"/>
                                </Record>
                            </Collection>
                        </PropertyValue>
                    </Record>
                </Annotation>
                <Annotation Term="UI.Chart" Qualifier="category1">
                    <Record Type="UI.ChartDefinitionType">
                        <PropertyValue Property="ChartType" EnumMember="UI.ChartType/Bar"/>
                        <PropertyValue Property="Dimensions">
                            <Collection>
                                <PropertyPath>category1</PropertyPath>
                            </Collection>
                        </PropertyValue>
                        <PropertyValue Property="DimensionAttributes">
                            <Collection>
                                <Record Type="UI.ChartDimensionAttributeType">
                                    <PropertyValue Property="Dimension" PropertyPath="category1"/>
                                    <PropertyValue Property="Role" EnumMember="UI.ChartDimensionRoleType/Category"/>
                                </Record>
                            </Collection>
                        </PropertyValue>
                        <PropertyValue Property="DynamicMeasures">
                            <Collection>
                                <AnnotationPath>@Analytics.AggregatedProperty#totalStock</AnnotationPath>
                            </Collection>
                        </PropertyValue>
                    </Record>
                </Annotation>
                <Annotation Term="UI.PresentationVariant" Qualifier="prevCategory1">
                    <Record Type="UI.PresentationVariantType">
                        <PropertyValue Property="Visualizations">
                            <Collection>
                                <AnnotationPath>@UI.Chart#category1</AnnotationPath>
                            </Collection>
                        </PropertyValue>
                    </Record>
                </Annotation>
            </Annotations>
            <Annotations Target="CatalogService.EntityContainer/BooksAnalytics">
                <Annotation Term="Aggregation.ApplySupported">
                    <Record Type="Aggregation.ApplySupportedType">
                        <PropertyValue Property="Transformations">
                            <Collection>
                                <String>aggregate</String>
                                <String>topcount</String>
                                <String>bottomcount</String>
                                <String>identity</String>
                                <String>concat</String>
                                <String>groupby</String>
                                <String>filter</String>
                                <String>expand</String>
                                <String>search</String>
                            </Collection>
                        </PropertyValue>
                        <PropertyValue Property="GroupableProperties">
                            <Collection>
                                <PropertyPath>ID</PropertyPath>
                                <PropertyPath>category1</PropertyPath>
                                <PropertyPath>category2</PropertyPath>
                                <PropertyPath>title</PropertyPath>
                                <PropertyPath>publishedAt</PropertyPath>
                            </Collection>
                        </PropertyValue>
                        <PropertyValue Property="AggregatableProperties">
                            <Collection>
                                <Record Type="Aggregation.AggregatablePropertyType">
                                    <PropertyValue Property="Property" PropertyPath="stock"/>
                                </Record>
                            </Collection>
                        </PropertyValue>
                    </Record>
                </Annotation>
                <Annotation Term="UI.PresentationVariant" Qualifier="prevCategory1">
                    <Record Type="UI.PresentationVariantType">
                        <PropertyValue Property="Visualizations">
                            <Collection>
                                <AnnotationPath>@UI.Chart#category1</AnnotationPath>
                            </Collection>
                        </PropertyValue>
                    </Record>
                </Annotation>
                <Annotation Term="Capabilities.DeleteRestrictions">
                    <Record Type="Capabilities.DeleteRestrictionsType">
                        <PropertyValue Property="Deletable" Bool="false"/>
                    </Record>
                </Annotation>
                <Annotation Term="Capabilities.InsertRestrictions">
                    <Record Type="Capabilities.InsertRestrictionsType">
                        <PropertyValue Property="Insertable" Bool="false"/>
                    </Record>
                </Annotation>
                <Annotation Term="Capabilities.UpdateRestrictions">
                    <Record Type="Capabilities.UpdateRestrictionsType">
                        <PropertyValue Property="Updatable" Bool="false"/>
                    </Record>
                </Annotation>
            </Annotations>
            <Annotations Target="CatalogService.BooksAnalytics/ID">
                <Annotation Term="Common.Label" String="ID"/>
            </Annotations>
            <Annotations Target="CatalogService.BooksAnalytics/title">
                <Annotation Term="Common.Label" String="Title"/>
            </Annotations>
            <Annotations Target="CatalogService.BooksAnalytics/stock">
                <Annotation Term="Common.Label" String="Stock"/>
            </Annotations>
            <Annotations Target="CatalogService.BooksAnalytics/category1">
                <Annotation Term="Common.Label" String="Category1"/>
            </Annotations>
            <Annotations Target="CatalogService.BooksAnalytics/category2">
                <Annotation Term="Common.Label" String="Category2"/>
            </Annotations>
            <Annotations Target="CatalogService.BooksAnalytics/publishedAt">
                <Annotation Term="Common.Label" String="Published At"/>
            </Annotations>
        </Schema>
    </edmx:DataServices>
</edmx:Edmx>