{
	"info": {
		"_postman_id": "71b44359-66ba-4934-b481-99a4be66dc3c",
		"name": "Dante_BTP_Training",
		"schema": "https://schema.getpostman.com/json/collection/v2.1.0/collection.json",
		"_exporter_id": "33384359"
	},
	"item": [
		{
			"name": "GET all vendors",
			"request": {
				"method": "GET",
				"header": []
			},
			"response": []
		},
		{
			"name": "GET single vendor data",
			"request": {
				"method": "GET",
				"header": []
			},
			"response": []
		},
		{
			"name": "POST to Create New Vendor",
			"request": {
				"method": "POST",
				"header": [],
				"body": {
					"mode": "raw",
					"raw": "{\r\n        \"email\": \"calduronk@nep.com\",\r\n        \"status\": \"C\",\r\n        \"contactPerson\": \"parciwell\",\r\n        \"lastName\": \"Arthur\",\r\n        \"regDate\": \"1999-12-31\",\r\n        \"code\": \"vindor\",\r\n        \"companyName\": \"AlphaRomeo\",\r\n        \"firstName\": \"Kline\",\r\n        \"website\": \"www.gaggle.com\"\r\n    }",
					"options": {
						"raw": {
							"language": "json"
						}
					}
				},
				"url": {
					"raw": "http://localhost:8080/vendor",
					"protocol": "http",
					"host": [
						"localhost"
					],
					"port": "8080",
					"path": [
						"vendor"
					]
				}
			},
			"response": []
		},
		{
			"name": "UPDATE single Vendor data - DIDNT WORK",
			"request": {
				"method": "PUT",
				"header": [],
				"body": {
					"mode": "raw",
					"raw": "{\r\n    \"email\": \"tundra@deb.com\",\r\n    \"status\": \"B\",\r\n    \"companyName\": \"Foxtrot\",\r\n    \"contactPerson\": \"dante\",\r\n    \"firstName\": \"Laracroft\",\r\n    \"regDate\": \"1999-12-30\",\r\n    \"website\": \"www.gaggle.com\",\r\n    \"lastName\": \"Kraver\"\r\n}",
					"options": {
						"raw": {
							"language": "json"
						}
					}
				},
				"url": {
					"raw": "http://localhost:8080/vendor/3aed3df6-14a9-4ca9-8263-c96d344acb42",
					"protocol": "http",
					"host": [
						"localhost"
					],
					"port": "8080",
					"path": [
						"vendor",
						"3aed3df6-14a9-4ca9-8263-c96d344acb42"
					]
				}
			},
			"response": []
		},
		{
			"name": "DELETE Vendor data using microservice",
			"request": {
				"method": "DELETE",
				"header": [],
				"body": {
					"mode": "raw",
					"raw": "{\r\n        \"email\": \"KELVIN@nep.com\",\r\n        \"status\": \"D\",\r\n        \"contactPerson\": \"Arthur\",\r\n        \"lastName\": \"Kline\",\r\n        \"regDate\": \"1990-06-06\",\r\n        \"code\": \"VENDORX_UPDATE\",\r\n        \"companyName\": \"AlphaRomeo\",\r\n        \"firstName\": \"Kelvin\",\r\n        \"website\": \"www.gaggle.com\"\r\n    }",
					"options": {
						"raw": {
							"language": "json"
						}
					}
				},
				"url": {
					"raw": "http://localhost:8080/vendor",
					"protocol": "http",
					"host": [
						"localhost"
					],
					"port": "8080",
					"path": [
						"vendor"
					]
				}
			},
			"response": []
		},
		{
			"name": "GET Search data by First name",
			"request": {
				"method": "GET",
				"header": [],
				"url": {
					"raw": "http://localhost:8080/vendor/lookup?firstName=K*",
					"protocol": "http",
					"host": [
						"localhost"
					],
					"port": "8080",
					"path": [
						"vendor",
						"lookup"
					],
					"query": [
						{
							"key": "firstName",
							"value": "K*"
						}
					]
				}
			},
			"response": []
		},
		{
			"name": "GET Search data by Company Name - DIDNT WORK",
			"request": {
				"method": "GET",
				"header": [],
				"url": {
					"raw": "http://localhost:8080/vendor/search/AlphaRomeo",
					"protocol": "http",
					"host": [
						"localhost"
					],
					"port": "8080",
					"path": [
						"vendor",
						"search",
						"AlphaRomeo"
					]
				}
			},
			"response": []
		},
		{
			"name": "GET all Address",
			"request": {
				"method": "GET",
				"header": [],
				"url": {
					"raw": "http://localhost:8080/address",
					"protocol": "http",
					"host": [
						"localhost"
					],
					"port": "8080",
					"path": [
						"address"
					]
				}
			},
			"response": []
		},
		{
			"name": "POST to Create New Address data",
			"request": {
				"method": "POST",
				"header": [],
				"body": {
					"mode": "raw",
					"raw": "\r\n        {            \r\n        \t\"addressType\":\"P\",\r\n        \t\"street\":\"Richmond road\",\r\n        \t\"city\":\"Bangalore\",\r\n        \t\"country\":\"India\",\r\n        \t\"region\":\"APJ\",\r\n            \"vendor_id\":\"74a4e683-9f9c-4897-9673-311069eb3d57\"\r\n        }",
					"options": {
						"raw": {
							"language": "json"
						}
					}
				},
				"url": {
					"raw": "http://localhost:8080/address",
					"protocol": "http",
					"host": [
						"localhost"
					],
					"port": "8080",
					"path": [
						"address"
					]
				}
			},
			"response": []
		},
		{
			"name": "POST Create Vendor With Address",
			"request": {
				"method": "POST",
				"header": [],
				"body": {
					"mode": "raw",
					"raw": "{\r\n        \"email\": \"Alan@deloitte.com\",\r\n        \"status\": \"A\",\r\n        \"contactPerson\": \"Machiavelli\",\r\n        \"lastName\": \"Dante\",\r\n        \"regDate\": \"1988-04-20\",\r\n        \"companyName\": \"Deloitte USI\",\r\n        \"firstName\": \"Pyoren\",\r\n        \"website\": \"www.dilly_dally_doo.com\"\r\n        \"addresses\": [\r\n        {            \r\n        \t\"addressType\":\"P\",\r\n        \t\"street\":\"Fourshore estates\",\r\n        \t\"city\":\"Chennai\",\r\n        \t\"country\":\"India\",\r\n        \t\"region\":\"APJ\"\r\n\r\n        },\r\n        {            \r\n        \t\"addressType\":\"P\",\r\n        \t\"street\":\"Panagal park\",\r\n        \t\"city\":\"Chennai\",\r\n        \t\"country\":\"India\",\r\n        \t\"region\":\"APJ\"\r\n        }\r\n\r\n        ]\r\n    }",
					"options": {
						"raw": {
							"language": "json"
						}
					}
				},
				"url": {
					"raw": "http://localhost:8080/vendor",
					"protocol": "http",
					"host": [
						"localhost"
					],
					"port": "8080",
					"path": [
						"vendor"
					]
				}
			},
			"response": []
		}
	]
}