{
  "xsappname": "mycapapp",
  "tenant-mode": "dedicated",
  "scopes": [
    {
      "name": "$XSAPPNAME.Viewer",
      "description": "someone can view data using this scope"
    },
    {
      "name": "$XSAPPNAME.Admin",
      "description": "someone can perform CURD on data using this scope"
    }
  ],
  "attributes": [
    {
      "name": "BankName",
      "description": "Bank Name property",
      "valueType": "string"
    }
  ],
  "role-templates": [
    {
      "name": "Viewer",
      "description": "View all data from our Catalog service",
      "default-role-name": "Viewer: Authorized to Read All Data",
      "scope-references": [
        "$XSAPPNAME.Viewer"
      ],
      "attribute-references": [
        {
          "name": "BankName"
        }
      ]
    },
    {
      "name": "Admin",
      "description": "Edit, delete all data from service",
      "scope-references": [
        "$XSAPPNAME.Admin"
      ]
    }
  ],
  "authorities": [
    "$ACCEPT_GRANTED_AUTHORITIES"
  ],
  "oauth2-configuration": {
    "token-validity": 9000,
    "redirect-uris": [
      "https://*.cfapps.us10-001.hana.ondemand.com/login/callback"
    ]
  },
  "xsenableasyncservice": "true"
}